SNP,Chr,Position,RA,AF,P-value,Effect,Population,Cohort,AF notes
33328,,,,,,,,,
35259,,,,,,,,,
1329158,,,,,,,,,
551330,,,,,,,,,
rs2075650,,,,,,,,,
rs405509,,,,,,,,,
rs8106922,,,,,,,,,
rs6859,,,,,,,,,
rs12721046,,,,,,,,,
rs769449,,,,,,,,,
rs2075650,19.0,,A,0.22,9.32e-15,2.3,,,MAF case
rs405509,19.0,,G,0.53,1.31e-06,1.5,,,MAF case
rs8106922,19.0,,A,0.3,4.54e-05,0.7,,,MAF case
rs6859,19.0,,G,0.49,5.34e-05,1.4,,,MAF case
rs769450,19.0,,G,0.33,0.000159,0.7,,,MAF case
rs2075650,19.0,,A,0.17,4.02e-09,2.3,,,MAF case
rs12721046,19.0,,G,0.18,4.87e-09,2.2,,,MAF case
rs769449,19.0,,G,0.15,3e-12,1.9,,,MAF case
rs157582,19.0,,C,0.31,3.32e-09,1.5,,,MAF case
rs283815,19.0,,A,0.31,1.41e-08,1.5,,,MAF case
rs71352238,19.0,,T,0.17,7.54e-08,1.6,,,MAF case
rs2075650,19.0,,A,0.18,1.65e-07,1.5,,,MAF case
rs2075650,19.0,,A,0.34,2.86e-64,3.6,,,MAF case
rs8106922,19.0,,A,0.26,1.14e-23,0.5,,,MAF case
rs157580,19.0,,A,0.23,1.5e-23,0.5,,,MAF case
rs405509,19.0,,G,0.59,1.5e-20,1.7,,,MAF case
rs6859,19.0,,G,0.52,1.12e-18,1.7,,,MAF case
rs439401,19.0,,C,0.26,5.17e-17,0.6,,,MAF case
rs2075650,19.0,,A,0.12,9.32e-15,2.3,,,MAF contr
rs405509,19.0,,G,0.43,1.31e-06,1.5,,,MAF contr
rs8106922,19.0,,A,0.39,4.54e-05,0.7,,,MAF contr
rs6859,19.0,,G,0.4,5.34e-05,1.4,,,MAF contr
rs769450,19.0,,G,0.41,0.000159,0.7,,,MAF contr
rs2075650,19.0,,A,0.12,4.02e-09,2.3,,,MAF contr
rs12721046,19.0,,G,0.12,4.87e-09,2.2,,,MAF contr
rs769449,19.0,,G,0.09,3e-12,1.9,,,MAF contr
rs157582,19.0,,C,0.24,3.32e-09,1.5,,,MAF contr
rs283815,19.0,,A,0.25,1.41e-08,1.5,,,MAF contr
rs71352238,19.0,,T,0.12,7.54e-08,1.6,,,MAF contr
rs2075650,19.0,,A,0.13,1.65e-07,1.5,,,MAF contr
rs2075650,19.0,,A,0.18,2.86e-64,3.6,,,MAF contr
rs8106922,19.0,,A,0.37,1.14e-23,0.5,,,MAF contr
rs157580,19.0,,A,0.33,1.5e-23,0.5,,,MAF contr
rs405509,19.0,,G,0.49,1.5e-20,1.7,,,MAF contr
rs6859,19.0,,G,0.42,1.12e-18,1.7,,,MAF contr
rs439401,19.0,,C,0.33,5.17e-17,0.6,,,MAF contr
rs2075650,19.0,,G,0.12,1.99e-15,2.3,,,
rs12721046,19.0,,A,0.08,2.39e-14,2.2,,,
rs405509,19.0,,G,0.47,1.16e-05,1.4,,,
rs6859,19.0,,G,0.37,2.87e-05,1.4,,,
rs8106922,19.0,,G,0.3,8.34e-05,0.7,,,
rs12721046,19.0,,A,0.08,2.93e-09,2.0,,,
rs2075650,19.0,,G,0.12,1.46e-05,1.7,,,
rs115881343,19.0,,"G,T",0.03,2.03e-09,0.5,,,
rs76366838,19.0,,A,0.03,1.71e-08,0.4,,,
rs769449,19.0,,A,0.06,3.12e-08,1.7,,,
rs157582,19.0,,T,0.29,1.68e-07,0.7,,,
rs283815,19.0,,G,0.3,3.07e-07,0.7,,,
rs2075650,19.0,,G,0.12,5.17e-07,1.5,,,
rs71352238,19.0,,C,0.09,3.19e-06,1.5,,,
